ID,Link
1,https://www.carmax.com//car/24303916
2,https://www.carmax.com//car/23479432
3,https://www.carmax.com//car/24011334
4,https://www.carmax.com//car/23064599
5,https://www.carmax.com//car/24000453
6,https://www.carmax.com//car/23937611
7,https://www.carmax.com//car/23974343
8,https://www.carmax.com//car/24301428
9,https://www.carmax.com//car/24302326
10,https://www.carmax.com//car/24302482
11,https://www.carmax.com//car/24139423
12,https://www.carmax.com//car/24387072
13,https://www.carmax.com//car/22956313
14,https://www.carmax.com//car/24063290
15,https://www.carmax.com//car/24302320
16,https://www.carmax.com//car/24301831
17,https://www.carmax.com//car/24287030
18,https://www.carmax.com//car/24119994
19,https://www.carmax.com//car/24287930
20,https://www.carmax.com//car/24286086
21,https://www.carmax.com//car/24387012
22,https://www.carmax.com//car/24287976
23,https://www.carmax.com//car/24387280
24,https://www.carmax.com//car/24120741
25,https://www.carmax.com//car/24288185
26,https://www.carmax.com//car/24304341
27,https://www.carmax.com//car/24303524
28,https://www.carmax.com//car/24145490
29,https://www.carmax.com//car/24207501
30,https://www.carmax.com//car/24303874
31,https://www.carmax.com//car/24303807
32,https://www.carmax.com//car/24304037
33,https://www.carmax.com//car/24304340
34,https://www.carmax.com//car/24246608
35,https://www.carmax.com//car/24303991
36,https://www.carmax.com//car/24303828
37,https://www.carmax.com//car/24145716
38,https://www.carmax.com//car/24271132
39,https://www.carmax.com//car/22883778
40,https://www.carmax.com//car/24304319
41,https://www.carmax.com//car/24304094
42,https://www.carmax.com//car/24303935
43,https://www.carmax.com//car/24288214
44,https://www.carmax.com//car/24333746
45,https://www.carmax.com//car/23911280
46,https://www.carmax.com//car/24061566
47,https://www.carmax.com//car/23298959
48,https://www.carmax.com//car/24246506
49,https://www.carmax.com//car/23700192
50,https://www.carmax.com//car/24247584
51,https://www.carmax.com//car/24333818
52,https://www.carmax.com//car/24081854
53,https://www.carmax.com//car/24170081
54,https://www.carmax.com//car/24288213
55,https://www.carmax.com//car/22566758
56,https://www.carmax.com//car/24320057
57,https://www.carmax.com//car/24061878
58,https://www.carmax.com//car/24121371
59,https://www.carmax.com//car/24287937
60,https://www.carmax.com//car/22160658
61,https://www.carmax.com//car/24038844
62,https://www.carmax.com//car/24062400
63,https://www.carmax.com//car/24320341
64,https://www.carmax.com//car/24320098
65,https://www.carmax.com//car/23703034
66,https://www.carmax.com//car/23942123
67,https://www.carmax.com//car/24170275
68,https://www.carmax.com//car/23683066
69,https://www.carmax.com//car/24319687
70,https://www.carmax.com//car/24287667
71,https://www.carmax.com//car/24247270
72,https://www.carmax.com//car/24287532
73,https://www.carmax.com//car/24089279
74,https://www.carmax.com//car/23784483
75,https://www.carmax.com//car/24177936
76,https://www.carmax.com//car/24304076
77,https://www.carmax.com//car/24140175
78,https://www.carmax.com//car/24099161
79,https://www.carmax.com//car/24099112
80,https://www.carmax.com//car/24303550
81,https://www.carmax.com//car/24144390
82,https://www.carmax.com//car/24177870
83,https://www.carmax.com//car/23594212
84,https://www.carmax.com//car/23682750
85,https://www.carmax.com//car/24321617
86,https://www.carmax.com//car/23682910
87,https://www.carmax.com//car/24089358
88,https://www.carmax.com//car/24321918
89,https://www.carmax.com//car/23399275
90,https://www.carmax.com//car/24081487
91,https://www.carmax.com//car/24061740
92,https://www.carmax.com//car/24061897
93,https://www.carmax.com//car/24061748
94,https://www.carmax.com//car/23441847
95,https://www.carmax.com//car/24332495
96,https://www.carmax.com//car/24320016
97,https://www.carmax.com//car/24320297
98,https://www.carmax.com//car/24122888
99,https://www.carmax.com//car/24122851
100,https://www.carmax.com//car/24346592
101,https://www.carmax.com//car/24122949
102,https://www.carmax.com//car/23380724
103,https://www.carmax.com//car/24346501
104,https://www.carmax.com//car/24320559
105,https://www.carmax.com//car/24285637
106,https://www.carmax.com//car/23682195
107,https://www.carmax.com//car/23288303
108,https://www.carmax.com//car/24094807
109,https://www.carmax.com//car/24167326
110,https://www.carmax.com//car/24321230
111,https://www.carmax.com//car/23646656
112,https://www.carmax.com//car/23681113
113,https://www.carmax.com//car/22955667
114,https://www.carmax.com//car/23973133
115,https://www.carmax.com//car/23629890
116,https://www.carmax.com//car/24168279
117,https://www.carmax.com//car/24095053
118,https://www.carmax.com//car/23688859
119,https://www.carmax.com//car/23398606
120,https://www.carmax.com//car/24000685
121,https://www.carmax.com//car/23116445
122,https://www.carmax.com//car/24144562
123,https://www.carmax.com//car/24287692
124,https://www.carmax.com//car/23302028
125,https://www.carmax.com//car/24252554
126,https://www.carmax.com//car/23858059
127,https://www.carmax.com//car/24252878
128,https://www.carmax.com//car/24245669
129,https://www.carmax.com//car/23863377
130,https://www.carmax.com//car/24013565
131,https://www.carmax.com//car/24244887
132,https://www.carmax.com//car/24013570
133,https://www.carmax.com//car/24013856
134,https://www.carmax.com//car/24001277
135,https://www.carmax.com//car/24089719
136,https://www.carmax.com//car/24188806
137,https://www.carmax.com//car/23796000
138,https://www.carmax.com//car/24089711
139,https://www.carmax.com//car/24228271
140,https://www.carmax.com//car/24039391
141,https://www.carmax.com//car/24133106
142,https://www.carmax.com//car/23550773
143,https://www.carmax.com//car/21411197
144,https://www.carmax.com//car/23789773
145,https://www.carmax.com//car/23789757
146,https://www.carmax.com//car/23905448
147,https://www.carmax.com//car/23789890
148,https://www.carmax.com//car/24180306
149,https://www.carmax.com//car/23647554
150,https://www.carmax.com//car/23789706
151,https://www.carmax.com//car/23982689
152,https://www.carmax.com//car/23982871
153,https://www.carmax.com//car/23730136
154,https://www.carmax.com//car/24352495
155,https://www.carmax.com//car/23265653
156,https://www.carmax.com//car/23999930
157,https://www.carmax.com//car/24352415
158,https://www.carmax.com//car/23973962
159,https://www.carmax.com//car/24029349
160,https://www.carmax.com//car/24209013
161,https://www.carmax.com//car/24028757
162,https://www.carmax.com//car/24029333
163,https://www.carmax.com//car/23888402
164,https://www.carmax.com//car/24385428
165,https://www.carmax.com//car/23633113
166,https://www.carmax.com//car/24029341
167,https://www.carmax.com//car/24039184
168,https://www.carmax.com//car/24209502
169,https://www.carmax.com//car/24029165
170,https://www.carmax.com//car/24039396
171,https://www.carmax.com//car/24029306
172,https://www.carmax.com//car/23888400
173,https://www.carmax.com//car/24038396
174,https://www.carmax.com//car/24038484
175,https://www.carmax.com//car/24132953
176,https://www.carmax.com//car/23888194
177,https://www.carmax.com//car/23585753
178,https://www.carmax.com//car/24038095
179,https://www.carmax.com//car/23387664
180,https://www.carmax.com//car/23572700
181,https://www.carmax.com//car/23573580
182,https://www.carmax.com//car/24209163
183,https://www.carmax.com//car/23849372
184,https://www.carmax.com//car/23338237
185,https://www.carmax.com//car/24038104
186,https://www.carmax.com//car/23973190
187,https://www.carmax.com//car/24038728
188,https://www.carmax.com//car/24029122
189,https://www.carmax.com//car/24029000
190,https://www.carmax.com//car/24038511
191,https://www.carmax.com//car/23573511
192,https://www.carmax.com//car/24209219
193,https://www.carmax.com//car/24038537
194,https://www.carmax.com//car/23689735
195,https://www.carmax.com//car/23573401
196,https://www.carmax.com//car/24029367
197,https://www.carmax.com//car/23982427
198,https://www.carmax.com//car/24209448
199,https://www.carmax.com//car/23689730
200,https://www.carmax.com//car/23957423
201,https://www.carmax.com//car/24171852
202,https://www.carmax.com//car/24140209
203,https://www.carmax.com//car/24038584
204,https://www.carmax.com//car/23316729
205,https://www.carmax.com//car/23111471
206,https://www.carmax.com//car/23684623
207,https://www.carmax.com//car/22666139
208,https://www.carmax.com//car/23905659
209,https://www.carmax.com//car/22785319
210,https://www.carmax.com//car/24131838
211,https://www.carmax.com//car/23211181
212,https://www.carmax.com//car/23435076
213,https://www.carmax.com//car/23982050
214,https://www.carmax.com//car/23973870
215,https://www.carmax.com//car/23573768
216,https://www.carmax.com//car/23683904
217,https://www.carmax.com//car/23887540
218,https://www.carmax.com//car/24296379
219,https://www.carmax.com//car/23789262
220,https://www.carmax.com//car/23154313
221,https://www.carmax.com//car/24210954
222,https://www.carmax.com//car/23904692
223,https://www.carmax.com//car/23905539
224,https://www.carmax.com//car/24209833
225,https://www.carmax.com//car/23905073
226,https://www.carmax.com//car/23495183
227,https://www.carmax.com//car/24228438
228,https://www.carmax.com//car/24227960
229,https://www.carmax.com//car/22785801
230,https://www.carmax.com//car/24228502
231,https://www.carmax.com//car/24038309
232,https://www.carmax.com//car/24038795
233,https://www.carmax.com//car/24228527
234,https://www.carmax.com//car/21807521
235,https://www.carmax.com//car/23977130
236,https://www.carmax.com//car/23249204
237,https://www.carmax.com//car/24038236
238,https://www.carmax.com//car/23442627
239,https://www.carmax.com//car/24228585
240,https://www.carmax.com//car/23408117
241,https://www.carmax.com//car/24132882
242,https://www.carmax.com//car/22755833
243,https://www.carmax.com//car/24136708
244,https://www.carmax.com//car/23882400
245,https://www.carmax.com//car/24136409
246,https://www.carmax.com//car/23406158
247,https://www.carmax.com//car/23543270
248,https://www.carmax.com//car/24232508
249,https://www.carmax.com//car/23788541
250,https://www.carmax.com//car/23980032
251,https://www.carmax.com//car/24137790
252,https://www.carmax.com//car/24005431
253,https://www.carmax.com//car/24264553
254,https://www.carmax.com//car/23814754
255,https://www.carmax.com//car/23814488
256,https://www.carmax.com//car/21989620
257,https://www.carmax.com//car/23485561
258,https://www.carmax.com//car/24081535
259,https://www.carmax.com//car/24264540
260,https://www.carmax.com//car/23916836
261,https://www.carmax.com//car/23998655
262,https://www.carmax.com//car/24295015
263,https://www.carmax.com//car/23814599
264,https://www.carmax.com//car/23917015
265,https://www.carmax.com//car/23872048
266,https://www.carmax.com//car/23040617
267,https://www.carmax.com//car/24114122
268,https://www.carmax.com//car/23950969
269,https://www.carmax.com//car/24146574
270,https://www.carmax.com//car/23626128
271,https://www.carmax.com//car/23381056
272,https://www.carmax.com//car/24096446
273,https://www.carmax.com//car/24023582
274,https://www.carmax.com//car/24023021
275,https://www.carmax.com//car/23656939
276,https://www.carmax.com//car/24138788
277,https://www.carmax.com//car/23957372
278,https://www.carmax.com//car/23656706
279,https://www.carmax.com//car/24049777
280,https://www.carmax.com//car/23291044
281,https://www.carmax.com//car/22866570
282,https://www.carmax.com//car/22982748
283,https://www.carmax.com//car/23578901
284,https://www.carmax.com//car/23632131
285,https://www.carmax.com//car/23579197
286,https://www.carmax.com//car/24095885
287,https://www.carmax.com//car/23656078
288,https://www.carmax.com//car/24022575
289,https://www.carmax.com//car/23300291
290,https://www.carmax.com//car/23889268
291,https://www.carmax.com//car/24214231
292,https://www.carmax.com//car/24255701
293,https://www.carmax.com//car/24214498
294,https://www.carmax.com//car/23673448
295,https://www.carmax.com//car/23120084
296,https://www.carmax.com//car/22954560
297,https://www.carmax.com//car/24108166
298,https://www.carmax.com//car/23391853
299,https://www.carmax.com//car/23281299
300,https://www.carmax.com//car/23348075
301,https://www.carmax.com//car/23916163
302,https://www.carmax.com//car/23928808
303,https://www.carmax.com//car/24225687
304,https://www.carmax.com//car/24011496
305,https://www.carmax.com//car/24130548
306,https://www.carmax.com//car/24124912
307,https://www.carmax.com//car/22097974
308,https://www.carmax.com//car/23935977
309,https://www.carmax.com//car/24231046
310,https://www.carmax.com//car/24175396
311,https://www.carmax.com//car/23216282
312,https://www.carmax.com//car/24108296
313,https://www.carmax.com//car/22733350
314,https://www.carmax.com//car/24016531
315,https://www.carmax.com//car/23813590
316,https://www.carmax.com//car/24231239
317,https://www.carmax.com//car/23686875
318,https://www.carmax.com//car/24238510
319,https://www.carmax.com//car/24300086
320,https://www.carmax.com//car/23714589
321,https://www.carmax.com//car/24239202
322,https://www.carmax.com//car/24226321
323,https://www.carmax.com//car/24202620
324,https://www.carmax.com//car/24056642
325,https://www.carmax.com//car/24056216
326,https://www.carmax.com//car/23642016
327,https://www.carmax.com//car/23643429
328,https://www.carmax.com//car/23922333
329,https://www.carmax.com//car/24104524
330,https://www.carmax.com//car/24026676
331,https://www.carmax.com//car/23985952
332,https://www.carmax.com//car/23844741
333,https://www.carmax.com//car/23802708
334,https://www.carmax.com//car/24215860
335,https://www.carmax.com//car/24006177
336,https://www.carmax.com//car/24216186
337,https://www.carmax.com//car/24279146
338,https://www.carmax.com//car/23940682
339,https://www.carmax.com//car/24243695
340,https://www.carmax.com//car/23737908
341,https://www.carmax.com//car/24290004
342,https://www.carmax.com//car/24328638
343,https://www.carmax.com//car/24051447
344,https://www.carmax.com//car/22234518
345,https://www.carmax.com//car/23650492
346,https://www.carmax.com//car/23700746
347,https://www.carmax.com//car/24215921
348,https://www.carmax.com//car/23047849
349,https://www.carmax.com//car/24218240
350,https://www.carmax.com//car/24341930
351,https://www.carmax.com//car/22713523
352,https://www.carmax.com//car/24191026
353,https://www.carmax.com//car/24267395
354,https://www.carmax.com//car/24229990
355,https://www.carmax.com//car/23994447
356,https://www.carmax.com//car/24186738
357,https://www.carmax.com//car/23127133
358,https://www.carmax.com//car/23227993
359,https://www.carmax.com//car/24151420
360,https://www.carmax.com//car/22947088
361,https://www.carmax.com//car/24248264
362,https://www.carmax.com//car/23941966
363,https://www.carmax.com//car/23720891
364,https://www.carmax.com//car/24392956
365,https://www.carmax.com//car/24244300
366,https://www.carmax.com//car/24260415
367,https://www.carmax.com//car/23547788
368,https://www.carmax.com//car/24057398
369,https://www.carmax.com//car/24151087
370,https://www.carmax.com//car/23816754
371,https://www.carmax.com//car/24251424
372,https://www.carmax.com//car/23665681
373,https://www.carmax.com//car/24055039
374,https://www.carmax.com//car/24182374
375,https://www.carmax.com//car/24188496
376,https://www.carmax.com//car/24054142
377,https://www.carmax.com//car/24243937
378,https://www.carmax.com//car/24244502
379,https://www.carmax.com//car/24259976
380,https://www.carmax.com//car/23835938
381,https://www.carmax.com//car/23624410
382,https://www.carmax.com//car/24016116
383,https://www.carmax.com//car/22914047
384,https://www.carmax.com//car/23940770
385,https://www.carmax.com//car/24016005
386,https://www.carmax.com//car/23943910
387,https://www.carmax.com//car/23070977
388,https://www.carmax.com//car/23441858
389,https://www.carmax.com//car/23787067
390,https://www.carmax.com//car/22885952
391,https://www.carmax.com//car/23563999
392,https://www.carmax.com//car/23616712
393,https://www.carmax.com//car/24054172
394,https://www.carmax.com//car/23815924
395,https://www.carmax.com//car/24389978
396,https://www.carmax.com//car/23238797
397,https://www.carmax.com//car/23833928
398,https://www.carmax.com//car/24345508
399,https://www.carmax.com//car/23639301
400,https://www.carmax.com//car/24014470
401,https://www.carmax.com//car/24342615
402,https://www.carmax.com//car/22965535
403,https://www.carmax.com//car/23591812
404,https://www.carmax.com//car/24025196
405,https://www.carmax.com//car/23440759
406,https://www.carmax.com//car/24133423
407,https://www.carmax.com//car/24112040
408,https://www.carmax.com//car/24016600
409,https://www.carmax.com//car/24174085
410,https://www.carmax.com//car/23726781
411,https://www.carmax.com//car/24089976
412,https://www.carmax.com//car/24238033
413,https://www.carmax.com//car/24237319
414,https://www.carmax.com//car/23607170
415,https://www.carmax.com//car/24005986
416,https://www.carmax.com//car/23517743
417,https://www.carmax.com//car/23534521
418,https://www.carmax.com//car/24034084
419,https://www.carmax.com//car/23321169
420,https://www.carmax.com//car/23931010
421,https://www.carmax.com//car/23944040
422,https://www.carmax.com//car/24243625
423,https://www.carmax.com//car/22897074
424,https://www.carmax.com//car/23131472
425,https://www.carmax.com//car/23452287
426,https://www.carmax.com//car/23925934
427,https://www.carmax.com//car/23539036
428,https://www.carmax.com//car/23707740
429,https://www.carmax.com//car/23840244
430,https://www.carmax.com//car/24148867
431,https://www.carmax.com//car/23839420
432,https://www.carmax.com//car/22854061
433,https://www.carmax.com//car/24002758
434,https://www.carmax.com//car/23750393
435,https://www.carmax.com//car/24240208
436,https://www.carmax.com//car/23326376
437,https://www.carmax.com//car/23577365
438,https://www.carmax.com//car/24218426
439,https://www.carmax.com//car/23375837
440,https://www.carmax.com//car/23933748
441,https://www.carmax.com//car/24227293
442,https://www.carmax.com//car/23563189
443,https://www.carmax.com//car/24035098
444,https://www.carmax.com//car/24289972
445,https://www.carmax.com//car/23986212
446,https://www.carmax.com//car/23360081
447,https://www.carmax.com//car/23851330
448,https://www.carmax.com//car/23022675
449,https://www.carmax.com//car/22505916
450,https://www.carmax.com//car/24098225
451,https://www.carmax.com//car/24032741
452,https://www.carmax.com//car/22465652
453,https://www.carmax.com//car/23645422
454,https://www.carmax.com//car/24204085
455,https://www.carmax.com//car/23743779
456,https://www.carmax.com//car/23540039
457,https://www.carmax.com//car/24160862
458,https://www.carmax.com//car/24031770
459,https://www.carmax.com//car/24363902
460,https://www.carmax.com//car/24174050
461,https://www.carmax.com//car/24174441
462,https://www.carmax.com//car/23706980
463,https://www.carmax.com//car/23942878
464,https://www.carmax.com//car/24110709
465,https://www.carmax.com//car/23354896
466,https://www.carmax.com//car/23719890
467,https://www.carmax.com//car/23714601
468,https://www.carmax.com//car/23807397
469,https://www.carmax.com//car/24108470
470,https://www.carmax.com//car/23218072
471,https://www.carmax.com//car/23645833
472,https://www.carmax.com//car/23739576
473,https://www.carmax.com//car/23441288
474,https://www.carmax.com//car/24186454
475,https://www.carmax.com//car/23336082
476,https://www.carmax.com//car/24089931
477,https://www.carmax.com//car/23806404
478,https://www.carmax.com//car/23978188
479,https://www.carmax.com//car/24054411
480,https://www.carmax.com//car/23954433
481,https://www.carmax.com//car/22790438
482,https://www.carmax.com//car/24048578
483,https://www.carmax.com//car/24024102
484,https://www.carmax.com//car/23906804
485,https://www.carmax.com//car/24224624
486,https://www.carmax.com//car/24050928
487,https://www.carmax.com//car/24083058
488,https://www.carmax.com//car/24237621
489,https://www.carmax.com//car/24026559
490,https://www.carmax.com//car/24244072
491,https://www.carmax.com//car/23115333
492,https://www.carmax.com//car/23892012
493,https://www.carmax.com//car/23826755
494,https://www.carmax.com//car/23869651
495,https://www.carmax.com//car/23751619
496,https://www.carmax.com//car/24117503
497,https://www.carmax.com//car/24118635
498,https://www.carmax.com//car/24119634
499,https://www.carmax.com//car/24028049
500,https://www.carmax.com//car/24244450
501,https://www.carmax.com//car/24110524
502,https://www.carmax.com//car/24054262
503,https://www.carmax.com//car/23591800
504,https://www.carmax.com//car/23952866
505,https://www.carmax.com//car/23653946
506,https://www.carmax.com//car/23482133
507,https://www.carmax.com//car/24064163
508,https://www.carmax.com//car/24349991
509,https://www.carmax.com//car/23205721
510,https://www.carmax.com//car/23200944
511,https://www.carmax.com//car/24032113
512,https://www.carmax.com//car/24092237
513,https://www.carmax.com//car/24345050
514,https://www.carmax.com//car/23944024
515,https://www.carmax.com//car/23881047
516,https://www.carmax.com//car/24306632
517,https://www.carmax.com//car/23665556
518,https://www.carmax.com//car/24188511
519,https://www.carmax.com//car/24024976
520,https://www.carmax.com//car/23749301
521,https://www.carmax.com//car/24331195
522,https://www.carmax.com//car/23943068
523,https://www.carmax.com//car/24382145
524,https://www.carmax.com//car/24041357
525,https://www.carmax.com//car/24271176
526,https://www.carmax.com//car/24320059
527,https://www.carmax.com//car/24304260
528,https://www.carmax.com//car/23682813
529,https://www.carmax.com//car/24321540
530,https://www.carmax.com//car/24168485
531,https://www.carmax.com//car/24321419
532,https://www.carmax.com//car/23476261
533,https://www.carmax.com//car/24287695
534,https://www.carmax.com//car/24245772
535,https://www.carmax.com//car/24149746
536,https://www.carmax.com//car/24154432
537,https://www.carmax.com//car/24154453
538,https://www.carmax.com//car/24245625
539,https://www.carmax.com//car/24154275
540,https://www.carmax.com//car/24245764
541,https://www.carmax.com//car/24157175
542,https://www.carmax.com//car/24157256
543,https://www.carmax.com//car/24157055
544,https://www.carmax.com//car/24039289
545,https://www.carmax.com//car/24228301
546,https://www.carmax.com//car/23982670
547,https://www.carmax.com//car/20580171
548,https://www.carmax.com//car/23062841
549,https://www.carmax.com//car/23977384
550,https://www.carmax.com//car/24265886
551,https://www.carmax.com//car/24120300
552,https://www.carmax.com//car/23980477
553,https://www.carmax.com//car/24232774
554,https://www.carmax.com//car/21497108
555,https://www.carmax.com//car/23917066
556,https://www.carmax.com//car/23916909
557,https://www.carmax.com//car/23916962
558,https://www.carmax.com//car/24295203
559,https://www.carmax.com//car/23916991
560,https://www.carmax.com//car/23917083
561,https://www.carmax.com//car/24096603
562,https://www.carmax.com//car/24096571
563,https://www.carmax.com//car/24137836
564,https://www.carmax.com//car/24096604
565,https://www.carmax.com//car/24023470
566,https://www.carmax.com//car/24049610
567,https://www.carmax.com//car/24023542
568,https://www.carmax.com//car/24146349
569,https://www.carmax.com//car/24095943
570,https://www.carmax.com//car/24164478
571,https://www.carmax.com//car/24055969
572,https://www.carmax.com//car/24330965
573,https://www.carmax.com//car/24214009
574,https://www.carmax.com//car/24226416
575,https://www.carmax.com//car/23537618
576,https://www.carmax.com//car/24214436
577,https://www.carmax.com//car/24185120
578,https://www.carmax.com//car/24184945
579,https://www.carmax.com//car/24269296
580,https://www.carmax.com//car/24185267
581,https://www.carmax.com//car/24269850
582,https://www.carmax.com//car/24175530
583,https://www.carmax.com//car/24239289
584,https://www.carmax.com//car/24239005
585,https://www.carmax.com//car/24270056
586,https://www.carmax.com//car/24300121
587,https://www.carmax.com//car/24269867
588,https://www.carmax.com//car/24238962
589,https://www.carmax.com//car/24193310
590,https://www.carmax.com//car/24056023
591,https://www.carmax.com//car/23583572
592,https://www.carmax.com//car/24350903
593,https://www.carmax.com//car/24278863
594,https://www.carmax.com//car/24273085
595,https://www.carmax.com//car/24067285
596,https://www.carmax.com//car/24363037
597,https://www.carmax.com//car/24196161
598,https://www.carmax.com//car/24240204
599,https://www.carmax.com//car/24056450
600,https://www.carmax.com//car/24200917
601,https://www.carmax.com//car/24026103
602,https://www.carmax.com//car/23835932
603,https://www.carmax.com//car/24338494
604,https://www.carmax.com//car/24008846
605,https://www.carmax.com//car/24290002
606,https://www.carmax.com//car/24054830
607,https://www.carmax.com//car/23910295
608,https://www.carmax.com//car/24197922
609,https://www.carmax.com//car/23840233
610,https://www.carmax.com//car/23794490
611,https://www.carmax.com//car/24149004
612,https://www.carmax.com//car/24105955
613,https://www.carmax.com//car/24183861
614,https://www.carmax.com//car/24083197
615,https://www.carmax.com//car/23641531
616,https://www.carmax.com//car/24275497
617,https://www.carmax.com//car/24308858
618,https://www.carmax.com//car/24042368
619,https://www.carmax.com//car/24211707
620,https://www.carmax.com//car/23853983
621,https://www.carmax.com//car/23738450
622,https://www.carmax.com//car/24149902
623,https://www.carmax.com//car/24318623
624,https://www.carmax.com//car/24024860
625,https://www.carmax.com//car/24288845
626,https://www.carmax.com//car/24335781
627,https://www.carmax.com//car/24338479
628,https://www.carmax.com//car/24043130
629,https://www.carmax.com//car/24186929
630,https://www.carmax.com//car/24186749
631,https://www.carmax.com//car/22988543
632,https://www.carmax.com//car/24338534
633,https://www.carmax.com//car/24225904
634,https://www.carmax.com//car/24335645
635,https://www.carmax.com//car/24201697
636,https://www.carmax.com//car/23349869
637,https://www.carmax.com//car/24101178
638,https://www.carmax.com//car/23754712
639,https://www.carmax.com//car/24328878
640,https://www.carmax.com//car/24111839
641,https://www.carmax.com//car/24047269
642,https://www.carmax.com//car/24151495
643,https://www.carmax.com//car/24182037
644,https://www.carmax.com//car/24279061
645,https://www.carmax.com//car/24034378
646,https://www.carmax.com//car/24135995
647,https://www.carmax.com//car/24331186
648,https://www.carmax.com//car/24342348
649,https://www.carmax.com//car/24124045
650,https://www.carmax.com//car/23157597
651,https://www.carmax.com//car/24135260
652,https://www.carmax.com//car/24363258
